,year,value,name,icon
0,1930,0,Algeria,algeria.svg.png
1,1934,0,Algeria,algeria.svg.png
2,1938,0,Algeria,algeria.svg.png
3,1950,0,Algeria,algeria.svg.png
4,1954,0,Algeria,algeria.svg.png
5,1958,0,Algeria,algeria.svg.png
6,1962,0,Algeria,algeria.svg.png
7,1966,0,Algeria,algeria.svg.png
8,1970,0,Algeria,algeria.svg.png
9,1974,0,Algeria,algeria.svg.png
10,1978,0,Algeria,algeria.svg.png
11,1982,5,Algeria,algeria.svg.png
12,1986,6,Algeria,algeria.svg.png
13,1990,6,Algeria,algeria.svg.png
14,1994,6,Algeria,algeria.svg.png
15,1998,6,Algeria,algeria.svg.png
16,2002,6,Algeria,algeria.svg.png
17,2006,6,Algeria,algeria.svg.png
18,2010,6,Algeria,algeria.svg.png
19,2014,13,Algeria,algeria.svg.png
20,2018,13,Algeria,algeria.svg.png
21,1930,0,Angola,angola.svg.png
22,1934,0,Angola,angola.svg.png
23,1938,0,Angola,angola.svg.png
24,1950,0,Angola,angola.svg.png
25,1954,0,Angola,angola.svg.png
26,1958,0,Angola,angola.svg.png
27,1962,0,Angola,angola.svg.png
28,1966,0,Angola,angola.svg.png
29,1970,0,Angola,angola.svg.png
30,1974,0,Angola,angola.svg.png
31,1978,0,Angola,angola.svg.png
32,1982,0,Angola,angola.svg.png
33,1986,0,Angola,angola.svg.png
34,1990,0,Angola,angola.svg.png
35,1994,0,Angola,angola.svg.png
36,1998,0,Angola,angola.svg.png
37,2002,0,Angola,angola.svg.png
38,2006,1,Angola,angola.svg.png
39,2010,1,Angola,angola.svg.png
40,2014,1,Angola,angola.svg.png
41,2018,1,Angola,angola.svg.png
42,1930,18,Argentina,argentina.svg.png
43,1934,20,Argentina,argentina.svg.png
44,1938,20,Argentina,argentina.svg.png
45,1950,20,Argentina,argentina.svg.png
46,1954,20,Argentina,argentina.svg.png
47,1958,25,Argentina,argentina.svg.png
48,1962,27,Argentina,argentina.svg.png
49,1966,31,Argentina,argentina.svg.png
50,1970,31,Argentina,argentina.svg.png
51,1974,40,Argentina,argentina.svg.png
52,1978,55,Argentina,argentina.svg.png
53,1982,63,Argentina,argentina.svg.png
54,1986,77,Argentina,argentina.svg.png
55,1990,82,Argentina,argentina.svg.png
56,1994,90,Argentina,argentina.svg.png
57,1998,100,Argentina,argentina.svg.png
58,2002,102,Argentina,argentina.svg.png
59,2006,113,Argentina,argentina.svg.png
60,2010,123,Argentina,argentina.svg.png
61,2014,131,Argentina,argentina.svg.png
62,2018,137,Argentina,argentina.svg.png
63,1930,0,Australia,australia.svg.png
64,1934,0,Australia,australia.svg.png
65,1938,0,Australia,australia.svg.png
66,1950,0,Australia,australia.svg.png
67,1954,0,Australia,australia.svg.png
68,1958,0,Australia,australia.svg.png
69,1962,0,Australia,australia.svg.png
70,1966,0,Australia,australia.svg.png
71,1970,0,Australia,australia.svg.png
72,1974,0,Australia,australia.svg.png
73,1978,0,Australia,australia.svg.png
74,1982,0,Australia,australia.svg.png
75,1986,0,Australia,australia.svg.png
76,1990,0,Australia,australia.svg.png
77,1994,0,Australia,australia.svg.png
78,1998,0,Australia,australia.svg.png
79,2002,0,Australia,australia.svg.png
80,2006,5,Australia,australia.svg.png
81,2010,8,Australia,australia.svg.png
82,2014,11,Australia,australia.svg.png
83,2018,13,Australia,australia.svg.png
84,1930,0,Austria,austria.svg.png
85,1934,7,Austria,austria.svg.png
86,1938,7,Austria,austria.svg.png
87,1950,7,Austria,austria.svg.png
88,1954,24,Austria,austria.svg.png
89,1958,26,Austria,austria.svg.png
90,1962,26,Austria,austria.svg.png
91,1966,26,Austria,austria.svg.png
92,1970,26,Austria,austria.svg.png
93,1974,26,Austria,austria.svg.png
94,1978,33,Austria,austria.svg.png
95,1982,38,Austria,austria.svg.png
96,1986,38,Austria,austria.svg.png
97,1990,40,Austria,austria.svg.png
98,1994,40,Austria,austria.svg.png
99,1998,43,Austria,austria.svg.png
100,2002,43,Austria,austria.svg.png
101,2006,43,Austria,austria.svg.png
102,2010,43,Austria,austria.svg.png
103,2014,43,Austria,austria.svg.png
104,2018,43,Austria,austria.svg.png
105,1930,0,Belgium,belgium.svg.png
106,1934,2,Belgium,belgium.svg.png
107,1938,3,Belgium,belgium.svg.png
108,1950,3,Belgium,belgium.svg.png
109,1954,8,Belgium,belgium.svg.png
110,1958,8,Belgium,belgium.svg.png
111,1962,8,Belgium,belgium.svg.png
112,1966,8,Belgium,belgium.svg.png
113,1970,12,Belgium,belgium.svg.png
114,1974,12,Belgium,belgium.svg.png
115,1978,12,Belgium,belgium.svg.png
116,1982,15,Belgium,belgium.svg.png
117,1986,27,Belgium,belgium.svg.png
118,1990,33,Belgium,belgium.svg.png
119,1994,37,Belgium,belgium.svg.png
120,1998,40,Belgium,belgium.svg.png
121,2002,46,Belgium,belgium.svg.png
122,2006,46,Belgium,belgium.svg.png
123,2010,46,Belgium,belgium.svg.png
124,2014,52,Belgium,belgium.svg.png
125,2018,68,Belgium,belgium.svg.png
126,1930,0,Bolivia,bolivia.svg.png
127,1934,0,Bolivia,bolivia.svg.png
128,1938,0,Bolivia,bolivia.svg.png
129,1950,0,Bolivia,bolivia.svg.png
130,1954,0,Bolivia,bolivia.svg.png
131,1958,0,Bolivia,bolivia.svg.png
132,1962,0,Bolivia,bolivia.svg.png
133,1966,0,Bolivia,bolivia.svg.png
134,1970,0,Bolivia,bolivia.svg.png
135,1974,0,Bolivia,bolivia.svg.png
136,1978,0,Bolivia,bolivia.svg.png
137,1982,0,Bolivia,bolivia.svg.png
138,1986,0,Bolivia,bolivia.svg.png
139,1990,0,Bolivia,bolivia.svg.png
140,1994,1,Bolivia,bolivia.svg.png
141,1998,1,Bolivia,bolivia.svg.png
142,2002,1,Bolivia,bolivia.svg.png
143,2006,1,Bolivia,bolivia.svg.png
144,2010,1,Bolivia,bolivia.svg.png
145,2014,1,Bolivia,bolivia.svg.png
146,2018,1,Bolivia,bolivia.svg.png
147,1930,0,Bosnia and Herzegovina,bosnia_and_herzegovina.svg.png
148,1934,0,Bosnia and Herzegovina,bosnia_and_herzegovina.svg.png
149,1938,0,Bosnia and Herzegovina,bosnia_and_herzegovina.svg.png
150,1950,0,Bosnia and Herzegovina,bosnia_and_herzegovina.svg.png
151,1954,0,Bosnia and Herzegovina,bosnia_and_herzegovina.svg.png
152,1958,0,Bosnia and Herzegovina,bosnia_and_herzegovina.svg.png
153,1962,0,Bosnia and Herzegovina,bosnia_and_herzegovina.svg.png
154,1966,0,Bosnia and Herzegovina,bosnia_and_herzegovina.svg.png
155,1970,0,Bosnia and Herzegovina,bosnia_and_herzegovina.svg.png
156,1974,0,Bosnia and Herzegovina,bosnia_and_herzegovina.svg.png
157,1978,0,Bosnia and Herzegovina,bosnia_and_herzegovina.svg.png
158,1982,0,Bosnia and Herzegovina,bosnia_and_herzegovina.svg.png
159,1986,0,Bosnia and Herzegovina,bosnia_and_herzegovina.svg.png
160,1990,0,Bosnia and Herzegovina,bosnia_and_herzegovina.svg.png
161,1994,0,Bosnia and Herzegovina,bosnia_and_herzegovina.svg.png
162,1998,0,Bosnia and Herzegovina,bosnia_and_herzegovina.svg.png
163,2002,0,Bosnia and Herzegovina,bosnia_and_herzegovina.svg.png
164,2006,0,Bosnia and Herzegovina,bosnia_and_herzegovina.svg.png
165,2010,0,Bosnia and Herzegovina,bosnia_and_herzegovina.svg.png
166,2014,4,Bosnia and Herzegovina,bosnia_and_herzegovina.svg.png
167,2018,4,Bosnia and Herzegovina,bosnia_and_herzegovina.svg.png
168,1930,5,Brazil,brazil.svg.png
169,1934,6,Brazil,brazil.svg.png
170,1938,20,Brazil,brazil.svg.png
171,1950,42,Brazil,brazil.svg.png
172,1954,50,Brazil,brazil.svg.png
173,1958,66,Brazil,brazil.svg.png
174,1962,80,Brazil,brazil.svg.png
175,1966,84,Brazil,brazil.svg.png
176,1970,103,Brazil,brazil.svg.png
177,1974,109,Brazil,brazil.svg.png
178,1978,119,Brazil,brazil.svg.png
179,1982,134,Brazil,brazil.svg.png
180,1986,144,Brazil,brazil.svg.png
181,1990,148,Brazil,brazil.svg.png
182,1994,159,Brazil,brazil.svg.png
183,1998,173,Brazil,brazil.svg.png
184,2002,191,Brazil,brazil.svg.png
185,2006,201,Brazil,brazil.svg.png
186,2010,210,Brazil,brazil.svg.png
187,2014,221,Brazil,brazil.svg.png
188,2018,229,Brazil,brazil.svg.png
189,1930,0,Bulgaria,bulgaria.svg.png
190,1934,0,Bulgaria,bulgaria.svg.png
191,1938,0,Bulgaria,bulgaria.svg.png
192,1950,0,Bulgaria,bulgaria.svg.png
193,1954,0,Bulgaria,bulgaria.svg.png
194,1958,0,Bulgaria,bulgaria.svg.png
195,1962,1,Bulgaria,bulgaria.svg.png
196,1966,2,Bulgaria,bulgaria.svg.png
197,1970,7,Bulgaria,bulgaria.svg.png
198,1974,9,Bulgaria,bulgaria.svg.png
199,1978,9,Bulgaria,bulgaria.svg.png
200,1982,9,Bulgaria,bulgaria.svg.png
201,1986,11,Bulgaria,bulgaria.svg.png
202,1990,11,Bulgaria,bulgaria.svg.png
203,1994,21,Bulgaria,bulgaria.svg.png
204,1998,22,Bulgaria,bulgaria.svg.png
205,2002,22,Bulgaria,bulgaria.svg.png
206,2006,22,Bulgaria,bulgaria.svg.png
207,2010,22,Bulgaria,bulgaria.svg.png
208,2014,22,Bulgaria,bulgaria.svg.png
209,2018,22,Bulgaria,bulgaria.svg.png
210,1930,0,Cameroon,cameroon.svg.png
211,1934,0,Cameroon,cameroon.svg.png
212,1938,0,Cameroon,cameroon.svg.png
213,1950,0,Cameroon,cameroon.svg.png
214,1954,0,Cameroon,cameroon.svg.png
215,1958,0,Cameroon,cameroon.svg.png
216,1962,0,Cameroon,cameroon.svg.png
217,1966,0,Cameroon,cameroon.svg.png
218,1970,0,Cameroon,cameroon.svg.png
219,1974,0,Cameroon,cameroon.svg.png
220,1978,0,Cameroon,cameroon.svg.png
221,1982,1,Cameroon,cameroon.svg.png
222,1986,1,Cameroon,cameroon.svg.png
223,1990,8,Cameroon,cameroon.svg.png
224,1994,11,Cameroon,cameroon.svg.png
225,1998,13,Cameroon,cameroon.svg.png
226,2002,15,Cameroon,cameroon.svg.png
227,2006,15,Cameroon,cameroon.svg.png
228,2010,17,Cameroon,cameroon.svg.png
229,2014,18,Cameroon,cameroon.svg.png
230,2018,18,Cameroon,cameroon.svg.png
231,1930,0,Canada,canada.svg.png
232,1934,0,Canada,canada.svg.png
233,1938,0,Canada,canada.svg.png
234,1950,0,Canada,canada.svg.png
235,1954,0,Canada,canada.svg.png
236,1958,0,Canada,canada.svg.png
237,1962,0,Canada,canada.svg.png
238,1966,0,Canada,canada.svg.png
239,1970,0,Canada,canada.svg.png
240,1974,0,Canada,canada.svg.png
241,1978,0,Canada,canada.svg.png
242,1982,0,Canada,canada.svg.png
243,1986,0,Canada,canada.svg.png
244,1990,0,Canada,canada.svg.png
245,1994,0,Canada,canada.svg.png
246,1998,0,Canada,canada.svg.png
247,2002,0,Canada,canada.svg.png
248,2006,0,Canada,canada.svg.png
249,2010,0,Canada,canada.svg.png
250,2014,0,Canada,canada.svg.png
251,2018,0,Canada,canada.svg.png
252,1930,5,Chile,chile.svg.png
253,1934,5,Chile,chile.svg.png
254,1938,5,Chile,chile.svg.png
255,1950,10,Chile,chile.svg.png
256,1954,10,Chile,chile.svg.png
257,1958,10,Chile,chile.svg.png
258,1962,20,Chile,chile.svg.png
259,1966,22,Chile,chile.svg.png
260,1970,22,Chile,chile.svg.png
261,1974,23,Chile,chile.svg.png
262,1978,23,Chile,chile.svg.png
263,1982,26,Chile,chile.svg.png
264,1986,26,Chile,chile.svg.png
265,1990,26,Chile,chile.svg.png
266,1994,26,Chile,chile.svg.png
267,1998,31,Chile,chile.svg.png
268,2002,31,Chile,chile.svg.png
269,2006,31,Chile,chile.svg.png
270,2010,34,Chile,chile.svg.png
271,2014,40,Chile,chile.svg.png
272,2018,40,Chile,chile.svg.png
273,1930,0,China PR,china_pr.svg.png
274,1934,0,China PR,china_pr.svg.png
275,1938,0,China PR,china_pr.svg.png
276,1950,0,China PR,china_pr.svg.png
277,1954,0,China PR,china_pr.svg.png
278,1958,0,China PR,china_pr.svg.png
279,1962,0,China PR,china_pr.svg.png
280,1966,0,China PR,china_pr.svg.png
281,1970,0,China PR,china_pr.svg.png
282,1974,0,China PR,china_pr.svg.png
283,1978,0,China PR,china_pr.svg.png
284,1982,0,China PR,china_pr.svg.png
285,1986,0,China PR,china_pr.svg.png
286,1990,0,China PR,china_pr.svg.png
287,1994,0,China PR,china_pr.svg.png
288,1998,0,China PR,china_pr.svg.png
289,2002,0,China PR,china_pr.svg.png
290,2006,0,China PR,china_pr.svg.png
291,2010,0,China PR,china_pr.svg.png
292,2014,0,China PR,china_pr.svg.png
293,2018,0,China PR,china_pr.svg.png
294,1930,0,Colombia,colombia.svg.png
295,1934,0,Colombia,colombia.svg.png
296,1938,0,Colombia,colombia.svg.png
297,1950,0,Colombia,colombia.svg.png
298,1954,0,Colombia,colombia.svg.png
299,1958,0,Colombia,colombia.svg.png
300,1962,5,Colombia,colombia.svg.png
301,1966,5,Colombia,colombia.svg.png
302,1970,5,Colombia,colombia.svg.png
303,1974,5,Colombia,colombia.svg.png
304,1978,5,Colombia,colombia.svg.png
305,1982,5,Colombia,colombia.svg.png
306,1986,5,Colombia,colombia.svg.png
307,1990,9,Colombia,colombia.svg.png
308,1994,13,Colombia,colombia.svg.png
309,1998,14,Colombia,colombia.svg.png
310,2002,14,Colombia,colombia.svg.png
311,2006,14,Colombia,colombia.svg.png
312,2010,14,Colombia,colombia.svg.png
313,2014,26,Colombia,colombia.svg.png
314,2018,32,Colombia,colombia.svg.png
315,1930,0,Costa Rica,costa_rica.svg.png
316,1934,0,Costa Rica,costa_rica.svg.png
317,1938,0,Costa Rica,costa_rica.svg.png
318,1950,0,Costa Rica,costa_rica.svg.png
319,1954,0,Costa Rica,costa_rica.svg.png
320,1958,0,Costa Rica,costa_rica.svg.png
321,1962,0,Costa Rica,costa_rica.svg.png
322,1966,0,Costa Rica,costa_rica.svg.png
323,1970,0,Costa Rica,costa_rica.svg.png
324,1974,0,Costa Rica,costa_rica.svg.png
325,1978,0,Costa Rica,costa_rica.svg.png
326,1982,0,Costa Rica,costa_rica.svg.png
327,1986,0,Costa Rica,costa_rica.svg.png
328,1990,4,Costa Rica,costa_rica.svg.png
329,1994,4,Costa Rica,costa_rica.svg.png
330,1998,4,Costa Rica,costa_rica.svg.png
331,2002,9,Costa Rica,costa_rica.svg.png
332,2006,12,Costa Rica,costa_rica.svg.png
333,2010,12,Costa Rica,costa_rica.svg.png
334,2014,17,Costa Rica,costa_rica.svg.png
335,2018,19,Costa Rica,costa_rica.svg.png
336,1930,0,Croatia,croatia.svg.png
337,1934,0,Croatia,croatia.svg.png
338,1938,0,Croatia,croatia.svg.png
339,1950,0,Croatia,croatia.svg.png
340,1954,0,Croatia,croatia.svg.png
341,1958,0,Croatia,croatia.svg.png
342,1962,0,Croatia,croatia.svg.png
343,1966,0,Croatia,croatia.svg.png
344,1970,0,Croatia,croatia.svg.png
345,1974,0,Croatia,croatia.svg.png
346,1978,0,Croatia,croatia.svg.png
347,1982,0,Croatia,croatia.svg.png
348,1986,0,Croatia,croatia.svg.png
349,1990,0,Croatia,croatia.svg.png
350,1994,0,Croatia,croatia.svg.png
351,1998,11,Croatia,croatia.svg.png
352,2002,13,Croatia,croatia.svg.png
353,2006,15,Croatia,croatia.svg.png
354,2010,15,Croatia,croatia.svg.png
355,2014,21,Croatia,croatia.svg.png
356,2018,35,Croatia,croatia.svg.png
357,1930,0,Cuba,cuba.svg.png
358,1934,0,Cuba,cuba.svg.png
359,1938,5,Cuba,cuba.svg.png
360,1950,5,Cuba,cuba.svg.png
361,1954,5,Cuba,cuba.svg.png
362,1958,5,Cuba,cuba.svg.png
363,1962,5,Cuba,cuba.svg.png
364,1966,5,Cuba,cuba.svg.png
365,1970,5,Cuba,cuba.svg.png
366,1974,5,Cuba,cuba.svg.png
367,1978,5,Cuba,cuba.svg.png
368,1982,5,Cuba,cuba.svg.png
369,1986,5,Cuba,cuba.svg.png
370,1990,5,Cuba,cuba.svg.png
371,1994,5,Cuba,cuba.svg.png
372,1998,5,Cuba,cuba.svg.png
373,2002,5,Cuba,cuba.svg.png
374,2006,5,Cuba,cuba.svg.png
375,2010,5,Cuba,cuba.svg.png
376,2014,5,Cuba,cuba.svg.png
377,2018,5,Cuba,cuba.svg.png
378,1930,0,Czech Republic,czech_republic.svg.png
379,1934,0,Czech Republic,czech_republic.svg.png
380,1938,0,Czech Republic,czech_republic.svg.png
381,1950,0,Czech Republic,czech_republic.svg.png
382,1954,0,Czech Republic,czech_republic.svg.png
383,1958,0,Czech Republic,czech_republic.svg.png
384,1962,0,Czech Republic,czech_republic.svg.png
385,1966,0,Czech Republic,czech_republic.svg.png
386,1970,0,Czech Republic,czech_republic.svg.png
387,1974,0,Czech Republic,czech_republic.svg.png
388,1978,0,Czech Republic,czech_republic.svg.png
389,1982,0,Czech Republic,czech_republic.svg.png
390,1986,0,Czech Republic,czech_republic.svg.png
391,1990,0,Czech Republic,czech_republic.svg.png
392,1994,0,Czech Republic,czech_republic.svg.png
393,1998,0,Czech Republic,czech_republic.svg.png
394,2002,0,Czech Republic,czech_republic.svg.png
395,2006,3,Czech Republic,czech_republic.svg.png
396,2010,3,Czech Republic,czech_republic.svg.png
397,2014,3,Czech Republic,czech_republic.svg.png
398,2018,3,Czech Republic,czech_republic.svg.png
399,1930,0,Czechoslovakia,czechoslovakia.svg.png
400,1934,9,Czechoslovakia,czechoslovakia.svg.png
401,1938,14,Czechoslovakia,czechoslovakia.svg.png
402,1950,14,Czechoslovakia,czechoslovakia.svg.png
403,1954,14,Czechoslovakia,czechoslovakia.svg.png
404,1958,23,Czechoslovakia,czechoslovakia.svg.png
405,1962,30,Czechoslovakia,czechoslovakia.svg.png
406,1966,30,Czechoslovakia,czechoslovakia.svg.png
407,1970,32,Czechoslovakia,czechoslovakia.svg.png
408,1974,32,Czechoslovakia,czechoslovakia.svg.png
409,1978,32,Czechoslovakia,czechoslovakia.svg.png
410,1982,34,Czechoslovakia,czechoslovakia.svg.png
411,1986,34,Czechoslovakia,czechoslovakia.svg.png
412,1990,44,Czechoslovakia,czechoslovakia.svg.png
413,1994,44,Czechoslovakia,czechoslovakia.svg.png
414,1998,44,Czechoslovakia,czechoslovakia.svg.png
415,2002,44,Czechoslovakia,czechoslovakia.svg.png
416,2006,44,Czechoslovakia,czechoslovakia.svg.png
417,2010,44,Czechoslovakia,czechoslovakia.svg.png
418,2014,44,Czechoslovakia,czechoslovakia.svg.png
419,2018,44,Czechoslovakia,czechoslovakia.svg.png
420,1930,0,DR Congo,dr_congo.svg.png
421,1934,0,DR Congo,dr_congo.svg.png
422,1938,0,DR Congo,dr_congo.svg.png
423,1950,0,DR Congo,dr_congo.svg.png
424,1954,0,DR Congo,dr_congo.svg.png
425,1958,0,DR Congo,dr_congo.svg.png
426,1962,0,DR Congo,dr_congo.svg.png
427,1966,0,DR Congo,dr_congo.svg.png
428,1970,0,DR Congo,dr_congo.svg.png
429,1974,0,DR Congo,dr_congo.svg.png
430,1978,0,DR Congo,dr_congo.svg.png
431,1982,0,DR Congo,dr_congo.svg.png
432,1986,0,DR Congo,dr_congo.svg.png
433,1990,0,DR Congo,dr_congo.svg.png
434,1994,0,DR Congo,dr_congo.svg.png
435,1998,0,DR Congo,dr_congo.svg.png
436,2002,0,DR Congo,dr_congo.svg.png
437,2006,0,DR Congo,dr_congo.svg.png
438,2010,0,DR Congo,dr_congo.svg.png
439,2014,0,DR Congo,dr_congo.svg.png
440,2018,0,DR Congo,dr_congo.svg.png
441,1930,0,Denmark,denmark.svg.png
442,1934,0,Denmark,denmark.svg.png
443,1938,0,Denmark,denmark.svg.png
444,1950,0,Denmark,denmark.svg.png
445,1954,0,Denmark,denmark.svg.png
446,1958,0,Denmark,denmark.svg.png
447,1962,0,Denmark,denmark.svg.png
448,1966,0,Denmark,denmark.svg.png
449,1970,0,Denmark,denmark.svg.png
450,1974,0,Denmark,denmark.svg.png
451,1978,0,Denmark,denmark.svg.png
452,1982,0,Denmark,denmark.svg.png
453,1986,10,Denmark,denmark.svg.png
454,1990,10,Denmark,denmark.svg.png
455,1994,10,Denmark,denmark.svg.png
456,1998,19,Denmark,denmark.svg.png
457,2002,24,Denmark,denmark.svg.png
458,2006,24,Denmark,denmark.svg.png
459,2010,27,Denmark,denmark.svg.png
460,2014,27,Denmark,denmark.svg.png
461,2018,30,Denmark,denmark.svg.png
462,1930,0,East Germany,east_germany.svg.png
463,1934,0,East Germany,east_germany.svg.png
464,1938,0,East Germany,east_germany.svg.png
465,1950,0,East Germany,east_germany.svg.png
466,1954,0,East Germany,east_germany.svg.png
467,1958,0,East Germany,east_germany.svg.png
468,1962,0,East Germany,east_germany.svg.png
469,1966,0,East Germany,east_germany.svg.png
470,1970,0,East Germany,east_germany.svg.png
471,1974,5,East Germany,east_germany.svg.png
472,1978,5,East Germany,east_germany.svg.png
473,1982,5,East Germany,east_germany.svg.png
474,1986,5,East Germany,east_germany.svg.png
475,1990,5,East Germany,east_germany.svg.png
476,1994,5,East Germany,east_germany.svg.png
477,1998,5,East Germany,east_germany.svg.png
478,2002,5,East Germany,east_germany.svg.png
479,2006,5,East Germany,east_germany.svg.png
480,2010,5,East Germany,east_germany.svg.png
481,2014,5,East Germany,east_germany.svg.png
482,2018,5,East Germany,east_germany.svg.png
483,1930,0,Ecuador,ecuador.svg.png
484,1934,0,Ecuador,ecuador.svg.png
485,1938,0,Ecuador,ecuador.svg.png
486,1950,0,Ecuador,ecuador.svg.png
487,1954,0,Ecuador,ecuador.svg.png
488,1958,0,Ecuador,ecuador.svg.png
489,1962,0,Ecuador,ecuador.svg.png
490,1966,0,Ecuador,ecuador.svg.png
491,1970,0,Ecuador,ecuador.svg.png
492,1974,0,Ecuador,ecuador.svg.png
493,1978,0,Ecuador,ecuador.svg.png
494,1982,0,Ecuador,ecuador.svg.png
495,1986,0,Ecuador,ecuador.svg.png
496,1990,0,Ecuador,ecuador.svg.png
497,1994,0,Ecuador,ecuador.svg.png
498,1998,0,Ecuador,ecuador.svg.png
499,2002,2,Ecuador,ecuador.svg.png
500,2006,7,Ecuador,ecuador.svg.png
501,2010,7,Ecuador,ecuador.svg.png
502,2014,10,Ecuador,ecuador.svg.png
503,2018,10,Ecuador,ecuador.svg.png
504,1930,0,Egypt,egypt.svg.png
505,1934,2,Egypt,egypt.svg.png
506,1938,2,Egypt,egypt.svg.png
507,1950,2,Egypt,egypt.svg.png
508,1954,2,Egypt,egypt.svg.png
509,1958,2,Egypt,egypt.svg.png
510,1962,2,Egypt,egypt.svg.png
511,1966,2,Egypt,egypt.svg.png
512,1970,2,Egypt,egypt.svg.png
513,1974,2,Egypt,egypt.svg.png
514,1978,2,Egypt,egypt.svg.png
515,1982,2,Egypt,egypt.svg.png
516,1986,2,Egypt,egypt.svg.png
517,1990,3,Egypt,egypt.svg.png
518,1994,3,Egypt,egypt.svg.png
519,1998,3,Egypt,egypt.svg.png
520,2002,3,Egypt,egypt.svg.png
521,2006,3,Egypt,egypt.svg.png
522,2010,3,Egypt,egypt.svg.png
523,2014,3,Egypt,egypt.svg.png
524,2018,5,Egypt,egypt.svg.png
525,1930,0,El Salvador,el_salvador.svg.png
526,1934,0,El Salvador,el_salvador.svg.png
527,1938,0,El Salvador,el_salvador.svg.png
528,1950,0,El Salvador,el_salvador.svg.png
529,1954,0,El Salvador,el_salvador.svg.png
530,1958,0,El Salvador,el_salvador.svg.png
531,1962,0,El Salvador,el_salvador.svg.png
532,1966,0,El Salvador,el_salvador.svg.png
533,1970,0,El Salvador,el_salvador.svg.png
534,1974,0,El Salvador,el_salvador.svg.png
535,1978,0,El Salvador,el_salvador.svg.png
536,1982,1,El Salvador,el_salvador.svg.png
537,1986,1,El Salvador,el_salvador.svg.png
538,1990,1,El Salvador,el_salvador.svg.png
539,1994,1,El Salvador,el_salvador.svg.png
540,1998,1,El Salvador,el_salvador.svg.png
541,2002,1,El Salvador,el_salvador.svg.png
542,2006,1,El Salvador,el_salvador.svg.png
543,2010,1,El Salvador,el_salvador.svg.png
544,2014,1,El Salvador,el_salvador.svg.png
545,2018,1,El Salvador,el_salvador.svg.png
546,1930,0,England,england.svg.png
547,1934,0,England,england.svg.png
548,1938,0,England,england.svg.png
549,1950,2,England,england.svg.png
550,1954,10,England,england.svg.png
551,1958,14,England,england.svg.png
552,1962,19,England,england.svg.png
553,1966,30,England,england.svg.png
554,1970,34,England,england.svg.png
555,1974,34,England,england.svg.png
556,1978,34,England,england.svg.png
557,1982,40,England,england.svg.png
558,1986,47,England,england.svg.png
559,1990,55,England,england.svg.png
560,1994,55,England,england.svg.png
561,1998,62,England,england.svg.png
562,2002,68,England,england.svg.png
563,2006,74,England,england.svg.png
564,2010,77,England,england.svg.png
565,2014,79,England,england.svg.png
566,2018,91,England,england.svg.png
567,1930,4,France,france.svg.png
568,1934,6,France,france.svg.png
569,1938,10,France,france.svg.png
570,1950,10,France,france.svg.png
571,1954,13,France,france.svg.png
572,1958,36,France,france.svg.png
573,1962,36,France,france.svg.png
574,1966,38,France,france.svg.png
575,1970,38,France,france.svg.png
576,1974,38,France,france.svg.png
577,1978,43,France,france.svg.png
578,1982,59,France,france.svg.png
579,1986,71,France,france.svg.png
580,1990,71,France,france.svg.png
581,1994,71,France,france.svg.png
582,1998,86,France,france.svg.png
583,2002,86,France,france.svg.png
584,2006,95,France,france.svg.png
585,2010,96,France,france.svg.png
586,2014,106,France,france.svg.png
587,2018,120,France,france.svg.png
588,1930,0,Germany,germany.svg.png
589,1934,11,Germany,germany.svg.png
590,1938,14,Germany,germany.svg.png
591,1950,14,Germany,germany.svg.png
592,1954,39,Germany,germany.svg.png
593,1958,51,Germany,germany.svg.png
594,1962,55,Germany,germany.svg.png
595,1966,70,Germany,germany.svg.png
596,1970,87,Germany,germany.svg.png
597,1974,100,Germany,germany.svg.png
598,1978,110,Germany,germany.svg.png
599,1982,122,Germany,germany.svg.png
600,1986,130,Germany,germany.svg.png
601,1990,145,Germany,germany.svg.png
602,1994,154,Germany,germany.svg.png
603,1998,162,Germany,germany.svg.png
604,2002,176,Germany,germany.svg.png
605,2006,190,Germany,germany.svg.png
606,2010,206,Germany,germany.svg.png
607,2014,224,Germany,germany.svg.png
608,2018,226,Germany,germany.svg.png
609,1930,0,Ghana,ghana.svg.png
610,1934,0,Ghana,ghana.svg.png
611,1938,0,Ghana,ghana.svg.png
612,1950,0,Ghana,ghana.svg.png
613,1954,0,Ghana,ghana.svg.png
614,1958,0,Ghana,ghana.svg.png
615,1962,0,Ghana,ghana.svg.png
616,1966,0,Ghana,ghana.svg.png
617,1970,0,Ghana,ghana.svg.png
618,1974,0,Ghana,ghana.svg.png
619,1978,0,Ghana,ghana.svg.png
620,1982,0,Ghana,ghana.svg.png
621,1986,0,Ghana,ghana.svg.png
622,1990,0,Ghana,ghana.svg.png
623,1994,0,Ghana,ghana.svg.png
624,1998,0,Ghana,ghana.svg.png
625,2002,0,Ghana,ghana.svg.png
626,2006,4,Ghana,ghana.svg.png
627,2010,9,Ghana,ghana.svg.png
628,2014,13,Ghana,ghana.svg.png
629,2018,13,Ghana,ghana.svg.png
630,1930,0,Greece,greece.svg.png
631,1934,0,Greece,greece.svg.png
632,1938,0,Greece,greece.svg.png
633,1950,0,Greece,greece.svg.png
634,1954,0,Greece,greece.svg.png
635,1958,0,Greece,greece.svg.png
636,1962,0,Greece,greece.svg.png
637,1966,0,Greece,greece.svg.png
638,1970,0,Greece,greece.svg.png
639,1974,0,Greece,greece.svg.png
640,1978,0,Greece,greece.svg.png
641,1982,0,Greece,greece.svg.png
642,1986,0,Greece,greece.svg.png
643,1990,0,Greece,greece.svg.png
644,1994,0,Greece,greece.svg.png
645,1998,0,Greece,greece.svg.png
646,2002,0,Greece,greece.svg.png
647,2006,0,Greece,greece.svg.png
648,2010,2,Greece,greece.svg.png
649,2014,5,Greece,greece.svg.png
650,2018,5,Greece,greece.svg.png
651,1930,0,Haiti,haiti.svg.png
652,1934,0,Haiti,haiti.svg.png
653,1938,0,Haiti,haiti.svg.png
654,1950,0,Haiti,haiti.svg.png
655,1954,0,Haiti,haiti.svg.png
656,1958,0,Haiti,haiti.svg.png
657,1962,0,Haiti,haiti.svg.png
658,1966,0,Haiti,haiti.svg.png
659,1970,0,Haiti,haiti.svg.png
660,1974,2,Haiti,haiti.svg.png
661,1978,2,Haiti,haiti.svg.png
662,1982,2,Haiti,haiti.svg.png
663,1986,2,Haiti,haiti.svg.png
664,1990,2,Haiti,haiti.svg.png
665,1994,2,Haiti,haiti.svg.png
666,1998,2,Haiti,haiti.svg.png
667,2002,2,Haiti,haiti.svg.png
668,2006,2,Haiti,haiti.svg.png
669,2010,2,Haiti,haiti.svg.png
670,2014,2,Haiti,haiti.svg.png
671,2018,2,Haiti,haiti.svg.png
672,1930,0,Honduras,honduras.svg.png
673,1934,0,Honduras,honduras.svg.png
674,1938,0,Honduras,honduras.svg.png
675,1950,0,Honduras,honduras.svg.png
676,1954,0,Honduras,honduras.svg.png
677,1958,0,Honduras,honduras.svg.png
678,1962,0,Honduras,honduras.svg.png
679,1966,0,Honduras,honduras.svg.png
680,1970,0,Honduras,honduras.svg.png
681,1974,0,Honduras,honduras.svg.png
682,1978,0,Honduras,honduras.svg.png
683,1982,2,Honduras,honduras.svg.png
684,1986,2,Honduras,honduras.svg.png
685,1990,2,Honduras,honduras.svg.png
686,1994,2,Honduras,honduras.svg.png
687,1998,2,Honduras,honduras.svg.png
688,2002,2,Honduras,honduras.svg.png
689,2006,2,Honduras,honduras.svg.png
690,2010,2,Honduras,honduras.svg.png
691,2014,3,Honduras,honduras.svg.png
692,2018,3,Honduras,honduras.svg.png
693,1930,0,Hungary,hungary.svg.png
694,1934,5,Hungary,hungary.svg.png
695,1938,20,Hungary,hungary.svg.png
696,1950,20,Hungary,hungary.svg.png
697,1954,47,Hungary,hungary.svg.png
698,1958,54,Hungary,hungary.svg.png
699,1962,62,Hungary,hungary.svg.png
700,1966,70,Hungary,hungary.svg.png
701,1970,70,Hungary,hungary.svg.png
702,1974,70,Hungary,hungary.svg.png
703,1978,73,Hungary,hungary.svg.png
704,1982,85,Hungary,hungary.svg.png
705,1986,87,Hungary,hungary.svg.png
706,1990,87,Hungary,hungary.svg.png
707,1994,87,Hungary,hungary.svg.png
708,1998,87,Hungary,hungary.svg.png
709,2002,87,Hungary,hungary.svg.png
710,2006,87,Hungary,hungary.svg.png
711,2010,87,Hungary,hungary.svg.png
712,2014,87,Hungary,hungary.svg.png
713,2018,87,Hungary,hungary.svg.png
714,1930,0,Iceland,iceland.svg.png
715,1934,0,Iceland,iceland.svg.png
716,1938,0,Iceland,iceland.svg.png
717,1950,0,Iceland,iceland.svg.png
718,1954,0,Iceland,iceland.svg.png
719,1958,0,Iceland,iceland.svg.png
720,1962,0,Iceland,iceland.svg.png
721,1966,0,Iceland,iceland.svg.png
722,1970,0,Iceland,iceland.svg.png
723,1974,0,Iceland,iceland.svg.png
724,1978,0,Iceland,iceland.svg.png
725,1982,0,Iceland,iceland.svg.png
726,1986,0,Iceland,iceland.svg.png
727,1990,0,Iceland,iceland.svg.png
728,1994,0,Iceland,iceland.svg.png
729,1998,0,Iceland,iceland.svg.png
730,2002,0,Iceland,iceland.svg.png
731,2006,0,Iceland,iceland.svg.png
732,2010,0,Iceland,iceland.svg.png
733,2014,0,Iceland,iceland.svg.png
734,2018,2,Iceland,iceland.svg.png
735,1930,0,Indonesia,indonesia.svg.png
736,1934,0,Indonesia,indonesia.svg.png
737,1938,0,Indonesia,indonesia.svg.png
738,1950,0,Indonesia,indonesia.svg.png
739,1954,0,Indonesia,indonesia.svg.png
740,1958,0,Indonesia,indonesia.svg.png
741,1962,0,Indonesia,indonesia.svg.png
742,1966,0,Indonesia,indonesia.svg.png
743,1970,0,Indonesia,indonesia.svg.png
744,1974,0,Indonesia,indonesia.svg.png
745,1978,0,Indonesia,indonesia.svg.png
746,1982,0,Indonesia,indonesia.svg.png
747,1986,0,Indonesia,indonesia.svg.png
748,1990,0,Indonesia,indonesia.svg.png
749,1994,0,Indonesia,indonesia.svg.png
750,1998,0,Indonesia,indonesia.svg.png
751,2002,0,Indonesia,indonesia.svg.png
752,2006,0,Indonesia,indonesia.svg.png
753,2010,0,Indonesia,indonesia.svg.png
754,2014,0,Indonesia,indonesia.svg.png
755,2018,0,Indonesia,indonesia.svg.png
756,1930,0,Iran,iran.svg.png
757,1934,0,Iran,iran.svg.png
758,1938,0,Iran,iran.svg.png
759,1950,0,Iran,iran.svg.png
760,1954,0,Iran,iran.svg.png
761,1958,0,Iran,iran.svg.png
762,1962,0,Iran,iran.svg.png
763,1966,0,Iran,iran.svg.png
764,1970,0,Iran,iran.svg.png
765,1974,0,Iran,iran.svg.png
766,1978,2,Iran,iran.svg.png
767,1982,2,Iran,iran.svg.png
768,1986,2,Iran,iran.svg.png
769,1990,2,Iran,iran.svg.png
770,1994,2,Iran,iran.svg.png
771,1998,4,Iran,iran.svg.png
772,2002,4,Iran,iran.svg.png
773,2006,6,Iran,iran.svg.png
774,2010,6,Iran,iran.svg.png
775,2014,7,Iran,iran.svg.png
776,2018,9,Iran,iran.svg.png
777,1930,0,Iraq,iraq.svg.png
778,1934,0,Iraq,iraq.svg.png
779,1938,0,Iraq,iraq.svg.png
780,1950,0,Iraq,iraq.svg.png
781,1954,0,Iraq,iraq.svg.png
782,1958,0,Iraq,iraq.svg.png
783,1962,0,Iraq,iraq.svg.png
784,1966,0,Iraq,iraq.svg.png
785,1970,0,Iraq,iraq.svg.png
786,1974,0,Iraq,iraq.svg.png
787,1978,0,Iraq,iraq.svg.png
788,1982,0,Iraq,iraq.svg.png
789,1986,1,Iraq,iraq.svg.png
790,1990,1,Iraq,iraq.svg.png
791,1994,1,Iraq,iraq.svg.png
792,1998,1,Iraq,iraq.svg.png
793,2002,1,Iraq,iraq.svg.png
794,2006,1,Iraq,iraq.svg.png
795,2010,1,Iraq,iraq.svg.png
796,2014,1,Iraq,iraq.svg.png
797,2018,1,Iraq,iraq.svg.png
798,1930,0,Israel,israel.svg.png
799,1934,0,Israel,israel.svg.png
800,1938,0,Israel,israel.svg.png
801,1950,0,Israel,israel.svg.png
802,1954,0,Israel,israel.svg.png
803,1958,0,Israel,israel.svg.png
804,1962,0,Israel,israel.svg.png
805,1966,0,Israel,israel.svg.png
806,1970,1,Israel,israel.svg.png
807,1974,1,Israel,israel.svg.png
808,1978,1,Israel,israel.svg.png
809,1982,1,Israel,israel.svg.png
810,1986,1,Israel,israel.svg.png
811,1990,1,Israel,israel.svg.png
812,1994,1,Israel,israel.svg.png
813,1998,1,Israel,israel.svg.png
814,2002,1,Israel,israel.svg.png
815,2006,1,Israel,israel.svg.png
816,2010,1,Israel,israel.svg.png
817,2014,1,Israel,israel.svg.png
818,2018,1,Israel,israel.svg.png
819,1930,0,Italy,italy.svg.png
820,1934,12,Italy,italy.svg.png
821,1938,23,Italy,italy.svg.png
822,1950,27,Italy,italy.svg.png
823,1954,33,Italy,italy.svg.png
824,1958,33,Italy,italy.svg.png
825,1962,36,Italy,italy.svg.png
826,1966,38,Italy,italy.svg.png
827,1970,48,Italy,italy.svg.png
828,1974,53,Italy,italy.svg.png
829,1978,62,Italy,italy.svg.png
830,1982,74,Italy,italy.svg.png
831,1986,79,Italy,italy.svg.png
832,1990,89,Italy,italy.svg.png
833,1994,97,Italy,italy.svg.png
834,1998,105,Italy,italy.svg.png
835,2002,110,Italy,italy.svg.png
836,2006,122,Italy,italy.svg.png
837,2010,126,Italy,italy.svg.png
838,2014,128,Italy,italy.svg.png
839,2018,128,Italy,italy.svg.png
840,1930,0,Ivory Coast,ivory_coast.svg.png
841,1934,0,Ivory Coast,ivory_coast.svg.png
842,1938,0,Ivory Coast,ivory_coast.svg.png
843,1950,0,Ivory Coast,ivory_coast.svg.png
844,1954,0,Ivory Coast,ivory_coast.svg.png
845,1958,0,Ivory Coast,ivory_coast.svg.png
846,1962,0,Ivory Coast,ivory_coast.svg.png
847,1966,0,Ivory Coast,ivory_coast.svg.png
848,1970,0,Ivory Coast,ivory_coast.svg.png
849,1974,0,Ivory Coast,ivory_coast.svg.png
850,1978,0,Ivory Coast,ivory_coast.svg.png
851,1982,0,Ivory Coast,ivory_coast.svg.png
852,1986,0,Ivory Coast,ivory_coast.svg.png
853,1990,0,Ivory Coast,ivory_coast.svg.png
854,1994,0,Ivory Coast,ivory_coast.svg.png
855,1998,0,Ivory Coast,ivory_coast.svg.png
856,2002,0,Ivory Coast,ivory_coast.svg.png
857,2006,5,Ivory Coast,ivory_coast.svg.png
858,2010,9,Ivory Coast,ivory_coast.svg.png
859,2014,13,Ivory Coast,ivory_coast.svg.png
860,2018,13,Ivory Coast,ivory_coast.svg.png
861,1930,0,Jamaica,jamaica.svg.png
862,1934,0,Jamaica,jamaica.svg.png
863,1938,0,Jamaica,jamaica.svg.png
864,1950,0,Jamaica,jamaica.svg.png
865,1954,0,Jamaica,jamaica.svg.png
866,1958,0,Jamaica,jamaica.svg.png
867,1962,0,Jamaica,jamaica.svg.png
868,1966,0,Jamaica,jamaica.svg.png
869,1970,0,Jamaica,jamaica.svg.png
870,1974,0,Jamaica,jamaica.svg.png
871,1978,0,Jamaica,jamaica.svg.png
872,1982,0,Jamaica,jamaica.svg.png
873,1986,0,Jamaica,jamaica.svg.png
874,1990,0,Jamaica,jamaica.svg.png
875,1994,0,Jamaica,jamaica.svg.png
876,1998,3,Jamaica,jamaica.svg.png
877,2002,3,Jamaica,jamaica.svg.png
878,2006,3,Jamaica,jamaica.svg.png
879,2010,3,Jamaica,jamaica.svg.png
880,2014,3,Jamaica,jamaica.svg.png
881,2018,3,Jamaica,jamaica.svg.png
882,1930,0,Japan,japan.svg.png
883,1934,0,Japan,japan.svg.png
884,1938,0,Japan,japan.svg.png
885,1950,0,Japan,japan.svg.png
886,1954,0,Japan,japan.svg.png
887,1958,0,Japan,japan.svg.png
888,1962,0,Japan,japan.svg.png
889,1966,0,Japan,japan.svg.png
890,1970,0,Japan,japan.svg.png
891,1974,0,Japan,japan.svg.png
892,1978,0,Japan,japan.svg.png
893,1982,0,Japan,japan.svg.png
894,1986,0,Japan,japan.svg.png
895,1990,0,Japan,japan.svg.png
896,1994,0,Japan,japan.svg.png
897,1998,1,Japan,japan.svg.png
898,2002,6,Japan,japan.svg.png
899,2006,8,Japan,japan.svg.png
900,2010,12,Japan,japan.svg.png
901,2014,14,Japan,japan.svg.png
902,2018,20,Japan,japan.svg.png
903,1930,0,Kuwait,kuwait.svg.png
904,1934,0,Kuwait,kuwait.svg.png
905,1938,0,Kuwait,kuwait.svg.png
906,1950,0,Kuwait,kuwait.svg.png
907,1954,0,Kuwait,kuwait.svg.png
908,1958,0,Kuwait,kuwait.svg.png
909,1962,0,Kuwait,kuwait.svg.png
910,1966,0,Kuwait,kuwait.svg.png
911,1970,0,Kuwait,kuwait.svg.png
912,1974,0,Kuwait,kuwait.svg.png
913,1978,0,Kuwait,kuwait.svg.png
914,1982,2,Kuwait,kuwait.svg.png
915,1986,2,Kuwait,kuwait.svg.png
916,1990,2,Kuwait,kuwait.svg.png
917,1994,2,Kuwait,kuwait.svg.png
918,1998,2,Kuwait,kuwait.svg.png
919,2002,2,Kuwait,kuwait.svg.png
920,2006,2,Kuwait,kuwait.svg.png
921,2010,2,Kuwait,kuwait.svg.png
922,2014,2,Kuwait,kuwait.svg.png
923,2018,2,Kuwait,kuwait.svg.png
924,1930,4,Mexico,mexico.svg.png
925,1934,4,Mexico,mexico.svg.png
926,1938,4,Mexico,mexico.svg.png
927,1950,6,Mexico,mexico.svg.png
928,1954,8,Mexico,mexico.svg.png
929,1958,9,Mexico,mexico.svg.png
930,1962,12,Mexico,mexico.svg.png
931,1966,13,Mexico,mexico.svg.png
932,1970,19,Mexico,mexico.svg.png
933,1974,19,Mexico,mexico.svg.png
934,1978,21,Mexico,mexico.svg.png
935,1982,21,Mexico,mexico.svg.png
936,1986,27,Mexico,mexico.svg.png
937,1990,27,Mexico,mexico.svg.png
938,1994,31,Mexico,mexico.svg.png
939,1998,39,Mexico,mexico.svg.png
940,2002,43,Mexico,mexico.svg.png
941,2006,48,Mexico,mexico.svg.png
942,2010,52,Mexico,mexico.svg.png
943,2014,57,Mexico,mexico.svg.png
944,2018,60,Mexico,mexico.svg.png
945,1930,0,Morocco,morocco.svg.png
946,1934,0,Morocco,morocco.svg.png
947,1938,0,Morocco,morocco.svg.png
948,1950,0,Morocco,morocco.svg.png
949,1954,0,Morocco,morocco.svg.png
950,1958,0,Morocco,morocco.svg.png
951,1962,0,Morocco,morocco.svg.png
952,1966,0,Morocco,morocco.svg.png
953,1970,2,Morocco,morocco.svg.png
954,1974,2,Morocco,morocco.svg.png
955,1978,2,Morocco,morocco.svg.png
956,1982,2,Morocco,morocco.svg.png
957,1986,5,Morocco,morocco.svg.png
958,1990,5,Morocco,morocco.svg.png
959,1994,7,Morocco,morocco.svg.png
960,1998,12,Morocco,morocco.svg.png
961,2002,12,Morocco,morocco.svg.png
962,2006,12,Morocco,morocco.svg.png
963,2010,12,Morocco,morocco.svg.png
964,2014,12,Morocco,morocco.svg.png
965,2018,14,Morocco,morocco.svg.png
966,1930,0,Netherlands,netherlands.svg.png
967,1934,2,Netherlands,netherlands.svg.png
968,1938,2,Netherlands,netherlands.svg.png
969,1950,2,Netherlands,netherlands.svg.png
970,1954,2,Netherlands,netherlands.svg.png
971,1958,2,Netherlands,netherlands.svg.png
972,1962,2,Netherlands,netherlands.svg.png
973,1966,2,Netherlands,netherlands.svg.png
974,1970,2,Netherlands,netherlands.svg.png
975,1974,17,Netherlands,netherlands.svg.png
976,1978,32,Netherlands,netherlands.svg.png
977,1982,32,Netherlands,netherlands.svg.png
978,1986,32,Netherlands,netherlands.svg.png
979,1990,35,Netherlands,netherlands.svg.png
980,1994,43,Netherlands,netherlands.svg.png
981,1998,56,Netherlands,netherlands.svg.png
982,2002,56,Netherlands,netherlands.svg.png
983,2006,59,Netherlands,netherlands.svg.png
984,2010,71,Netherlands,netherlands.svg.png
985,2014,86,Netherlands,netherlands.svg.png
986,2018,86,Netherlands,netherlands.svg.png
987,1930,0,New Zealand,new_zealand.svg.png
988,1934,0,New Zealand,new_zealand.svg.png
989,1938,0,New Zealand,new_zealand.svg.png
990,1950,0,New Zealand,new_zealand.svg.png
991,1954,0,New Zealand,new_zealand.svg.png
992,1958,0,New Zealand,new_zealand.svg.png
993,1962,0,New Zealand,new_zealand.svg.png
994,1966,0,New Zealand,new_zealand.svg.png
995,1970,0,New Zealand,new_zealand.svg.png
996,1974,0,New Zealand,new_zealand.svg.png
997,1978,0,New Zealand,new_zealand.svg.png
998,1982,2,New Zealand,new_zealand.svg.png
999,1986,2,New Zealand,new_zealand.svg.png
1000,1990,2,New Zealand,new_zealand.svg.png
1001,1994,2,New Zealand,new_zealand.svg.png
1002,1998,2,New Zealand,new_zealand.svg.png
1003,2002,2,New Zealand,new_zealand.svg.png
1004,2006,2,New Zealand,new_zealand.svg.png
1005,2010,4,New Zealand,new_zealand.svg.png
1006,2014,4,New Zealand,new_zealand.svg.png
1007,2018,4,New Zealand,new_zealand.svg.png
1008,1930,0,Nigeria,nigeria.svg.png
1009,1934,0,Nigeria,nigeria.svg.png
1010,1938,0,Nigeria,nigeria.svg.png
1011,1950,0,Nigeria,nigeria.svg.png
1012,1954,0,Nigeria,nigeria.svg.png
1013,1958,0,Nigeria,nigeria.svg.png
1014,1962,0,Nigeria,nigeria.svg.png
1015,1966,0,Nigeria,nigeria.svg.png
1016,1970,0,Nigeria,nigeria.svg.png
1017,1974,0,Nigeria,nigeria.svg.png
1018,1978,0,Nigeria,nigeria.svg.png
1019,1982,0,Nigeria,nigeria.svg.png
1020,1986,0,Nigeria,nigeria.svg.png
1021,1990,0,Nigeria,nigeria.svg.png
1022,1994,7,Nigeria,nigeria.svg.png
1023,1998,13,Nigeria,nigeria.svg.png
1024,2002,14,Nigeria,nigeria.svg.png
1025,2006,14,Nigeria,nigeria.svg.png
1026,2010,17,Nigeria,nigeria.svg.png
1027,2014,20,Nigeria,nigeria.svg.png
1028,2018,23,Nigeria,nigeria.svg.png
1029,1930,0,North Korea,north_korea.svg.png
1030,1934,0,North Korea,north_korea.svg.png
1031,1938,0,North Korea,north_korea.svg.png
1032,1950,0,North Korea,north_korea.svg.png
1033,1954,0,North Korea,north_korea.svg.png
1034,1958,0,North Korea,north_korea.svg.png
1035,1962,0,North Korea,north_korea.svg.png
1036,1966,5,North Korea,north_korea.svg.png
1037,1970,5,North Korea,north_korea.svg.png
1038,1974,5,North Korea,north_korea.svg.png
1039,1978,5,North Korea,north_korea.svg.png
1040,1982,5,North Korea,north_korea.svg.png
1041,1986,5,North Korea,north_korea.svg.png
1042,1990,5,North Korea,north_korea.svg.png
1043,1994,5,North Korea,north_korea.svg.png
1044,1998,5,North Korea,north_korea.svg.png
1045,2002,5,North Korea,north_korea.svg.png
1046,2006,5,North Korea,north_korea.svg.png
1047,2010,6,North Korea,north_korea.svg.png
1048,2014,6,North Korea,north_korea.svg.png
1049,2018,6,North Korea,north_korea.svg.png
1050,1930,0,Northern Ireland,northern_ireland.svg.png
1051,1934,0,Northern Ireland,northern_ireland.svg.png
1052,1938,0,Northern Ireland,northern_ireland.svg.png
1053,1950,0,Northern Ireland,northern_ireland.svg.png
1054,1954,0,Northern Ireland,northern_ireland.svg.png
1055,1958,6,Northern Ireland,northern_ireland.svg.png
1056,1962,6,Northern Ireland,northern_ireland.svg.png
1057,1966,6,Northern Ireland,northern_ireland.svg.png
1058,1970,6,Northern Ireland,northern_ireland.svg.png
1059,1974,6,Northern Ireland,northern_ireland.svg.png
1060,1978,6,Northern Ireland,northern_ireland.svg.png
1061,1982,11,Northern Ireland,northern_ireland.svg.png
1062,1986,13,Northern Ireland,northern_ireland.svg.png
1063,1990,13,Northern Ireland,northern_ireland.svg.png
1064,1994,13,Northern Ireland,northern_ireland.svg.png
1065,1998,13,Northern Ireland,northern_ireland.svg.png
1066,2002,13,Northern Ireland,northern_ireland.svg.png
1067,2006,13,Northern Ireland,northern_ireland.svg.png
1068,2010,13,Northern Ireland,northern_ireland.svg.png
1069,2014,13,Northern Ireland,northern_ireland.svg.png
1070,2018,13,Northern Ireland,northern_ireland.svg.png
1071,1930,0,Norway,norway.svg.png
1072,1934,0,Norway,norway.svg.png
1073,1938,1,Norway,norway.svg.png
1074,1950,1,Norway,norway.svg.png
1075,1954,1,Norway,norway.svg.png
1076,1958,1,Norway,norway.svg.png
1077,1962,1,Norway,norway.svg.png
1078,1966,1,Norway,norway.svg.png
1079,1970,1,Norway,norway.svg.png
1080,1974,1,Norway,norway.svg.png
1081,1978,1,Norway,norway.svg.png
1082,1982,1,Norway,norway.svg.png
1083,1986,1,Norway,norway.svg.png
1084,1990,1,Norway,norway.svg.png
1085,1994,2,Norway,norway.svg.png
1086,1998,7,Norway,norway.svg.png
1087,2002,7,Norway,norway.svg.png
1088,2006,7,Norway,norway.svg.png
1089,2010,7,Norway,norway.svg.png
1090,2014,7,Norway,norway.svg.png
1091,2018,7,Norway,norway.svg.png
1092,1930,0,Panama,panama.svg.png
1093,1934,0,Panama,panama.svg.png
1094,1938,0,Panama,panama.svg.png
1095,1950,0,Panama,panama.svg.png
1096,1954,0,Panama,panama.svg.png
1097,1958,0,Panama,panama.svg.png
1098,1962,0,Panama,panama.svg.png
1099,1966,0,Panama,panama.svg.png
1100,1970,0,Panama,panama.svg.png
1101,1974,0,Panama,panama.svg.png
1102,1978,0,Panama,panama.svg.png
1103,1982,0,Panama,panama.svg.png
1104,1986,0,Panama,panama.svg.png
1105,1990,0,Panama,panama.svg.png
1106,1994,0,Panama,panama.svg.png
1107,1998,0,Panama,panama.svg.png
1108,2002,0,Panama,panama.svg.png
1109,2006,0,Panama,panama.svg.png
1110,2010,0,Panama,panama.svg.png
1111,2014,0,Panama,panama.svg.png
1112,2018,2,Panama,panama.svg.png
1113,1930,1,Paraguay,paraguay.svg.png
1114,1934,1,Paraguay,paraguay.svg.png
1115,1938,1,Paraguay,paraguay.svg.png
1116,1950,3,Paraguay,paraguay.svg.png
1117,1954,3,Paraguay,paraguay.svg.png
1118,1958,12,Paraguay,paraguay.svg.png
1119,1962,12,Paraguay,paraguay.svg.png
1120,1966,12,Paraguay,paraguay.svg.png
1121,1970,12,Paraguay,paraguay.svg.png
1122,1974,12,Paraguay,paraguay.svg.png
1123,1978,12,Paraguay,paraguay.svg.png
1124,1982,12,Paraguay,paraguay.svg.png
1125,1986,16,Paraguay,paraguay.svg.png
1126,1990,16,Paraguay,paraguay.svg.png
1127,1994,16,Paraguay,paraguay.svg.png
1128,1998,19,Paraguay,paraguay.svg.png
1129,2002,25,Paraguay,paraguay.svg.png
1130,2006,27,Paraguay,paraguay.svg.png
1131,2010,30,Paraguay,paraguay.svg.png
1132,2014,30,Paraguay,paraguay.svg.png
1133,2018,30,Paraguay,paraguay.svg.png
1134,1930,1,Peru,peru.svg.png
1135,1934,1,Peru,peru.svg.png
1136,1938,1,Peru,peru.svg.png
1137,1950,1,Peru,peru.svg.png
1138,1954,1,Peru,peru.svg.png
1139,1958,1,Peru,peru.svg.png
1140,1962,1,Peru,peru.svg.png
1141,1966,1,Peru,peru.svg.png
1142,1970,10,Peru,peru.svg.png
1143,1974,10,Peru,peru.svg.png
1144,1978,17,Peru,peru.svg.png
1145,1982,19,Peru,peru.svg.png
1146,1986,19,Peru,peru.svg.png
1147,1990,19,Peru,peru.svg.png
1148,1994,19,Peru,peru.svg.png
1149,1998,19,Peru,peru.svg.png
1150,2002,19,Peru,peru.svg.png
1151,2006,19,Peru,peru.svg.png
1152,2010,19,Peru,peru.svg.png
1153,2014,19,Peru,peru.svg.png
1154,2018,21,Peru,peru.svg.png
1155,1930,0,Poland,poland.svg.png
1156,1934,0,Poland,poland.svg.png
1157,1938,5,Poland,poland.svg.png
1158,1950,5,Poland,poland.svg.png
1159,1954,5,Poland,poland.svg.png
1160,1958,5,Poland,poland.svg.png
1161,1962,5,Poland,poland.svg.png
1162,1966,5,Poland,poland.svg.png
1163,1970,5,Poland,poland.svg.png
1164,1974,21,Poland,poland.svg.png
1165,1978,27,Poland,poland.svg.png
1166,1982,38,Poland,poland.svg.png
1167,1986,39,Poland,poland.svg.png
1168,1990,39,Poland,poland.svg.png
1169,1994,39,Poland,poland.svg.png
1170,1998,39,Poland,poland.svg.png
1171,2002,42,Poland,poland.svg.png
1172,2006,44,Poland,poland.svg.png
1173,2010,44,Poland,poland.svg.png
1174,2014,44,Poland,poland.svg.png
1175,2018,46,Poland,poland.svg.png
1176,1930,0,Portugal,portugal.svg.png
1177,1934,0,Portugal,portugal.svg.png
1178,1938,0,Portugal,portugal.svg.png
1179,1950,0,Portugal,portugal.svg.png
1180,1954,0,Portugal,portugal.svg.png
1181,1958,0,Portugal,portugal.svg.png
1182,1962,0,Portugal,portugal.svg.png
1183,1966,17,Portugal,portugal.svg.png
1184,1970,17,Portugal,portugal.svg.png
1185,1974,17,Portugal,portugal.svg.png
1186,1978,17,Portugal,portugal.svg.png
1187,1982,17,Portugal,portugal.svg.png
1188,1986,19,Portugal,portugal.svg.png
1189,1990,19,Portugal,portugal.svg.png
1190,1994,19,Portugal,portugal.svg.png
1191,1998,19,Portugal,portugal.svg.png
1192,2002,25,Portugal,portugal.svg.png
1193,2006,32,Portugal,portugal.svg.png
1194,2010,39,Portugal,portugal.svg.png
1195,2014,43,Portugal,portugal.svg.png
1196,2018,49,Portugal,portugal.svg.png
1197,1930,0,Republic of Ireland,republic_of_ireland.svg.png
1198,1934,0,Republic of Ireland,republic_of_ireland.svg.png
1199,1938,0,Republic of Ireland,republic_of_ireland.svg.png
1200,1950,0,Republic of Ireland,republic_of_ireland.svg.png
1201,1954,0,Republic of Ireland,republic_of_ireland.svg.png
1202,1958,0,Republic of Ireland,republic_of_ireland.svg.png
1203,1962,0,Republic of Ireland,republic_of_ireland.svg.png
1204,1966,0,Republic of Ireland,republic_of_ireland.svg.png
1205,1970,0,Republic of Ireland,republic_of_ireland.svg.png
1206,1974,0,Republic of Ireland,republic_of_ireland.svg.png
1207,1978,0,Republic of Ireland,republic_of_ireland.svg.png
1208,1982,0,Republic of Ireland,republic_of_ireland.svg.png
1209,1986,0,Republic of Ireland,republic_of_ireland.svg.png
1210,1990,2,Republic of Ireland,republic_of_ireland.svg.png
1211,1994,4,Republic of Ireland,republic_of_ireland.svg.png
1212,1998,4,Republic of Ireland,republic_of_ireland.svg.png
1213,2002,10,Republic of Ireland,republic_of_ireland.svg.png
1214,2006,10,Republic of Ireland,republic_of_ireland.svg.png
1215,2010,10,Republic of Ireland,republic_of_ireland.svg.png
1216,2014,10,Republic of Ireland,republic_of_ireland.svg.png
1217,2018,10,Republic of Ireland,republic_of_ireland.svg.png
1218,1930,3,Romania,romania.svg.png
1219,1934,4,Romania,romania.svg.png
1220,1938,8,Romania,romania.svg.png
1221,1950,8,Romania,romania.svg.png
1222,1954,8,Romania,romania.svg.png
1223,1958,8,Romania,romania.svg.png
1224,1962,8,Romania,romania.svg.png
1225,1966,8,Romania,romania.svg.png
1226,1970,12,Romania,romania.svg.png
1227,1974,12,Romania,romania.svg.png
1228,1978,12,Romania,romania.svg.png
1229,1982,12,Romania,romania.svg.png
1230,1986,12,Romania,romania.svg.png
1231,1990,16,Romania,romania.svg.png
1232,1994,26,Romania,romania.svg.png
1233,1998,30,Romania,romania.svg.png
1234,2002,30,Romania,romania.svg.png
1235,2006,30,Romania,romania.svg.png
1236,2010,30,Romania,romania.svg.png
1237,2014,30,Romania,romania.svg.png
1238,2018,30,Romania,romania.svg.png
1239,1930,0,Russia,russia.svg.png
1240,1934,0,Russia,russia.svg.png
1241,1938,0,Russia,russia.svg.png
1242,1950,0,Russia,russia.svg.png
1243,1954,0,Russia,russia.svg.png
1244,1958,0,Russia,russia.svg.png
1245,1962,0,Russia,russia.svg.png
1246,1966,0,Russia,russia.svg.png
1247,1970,0,Russia,russia.svg.png
1248,1974,0,Russia,russia.svg.png
1249,1978,0,Russia,russia.svg.png
1250,1982,0,Russia,russia.svg.png
1251,1986,0,Russia,russia.svg.png
1252,1990,0,Russia,russia.svg.png
1253,1994,7,Russia,russia.svg.png
1254,1998,7,Russia,russia.svg.png
1255,2002,11,Russia,russia.svg.png
1256,2006,11,Russia,russia.svg.png
1257,2010,11,Russia,russia.svg.png
1258,2014,13,Russia,russia.svg.png
1259,2018,24,Russia,russia.svg.png
1260,1930,0,Saudi Arabia,saudi_arabia.svg.png
1261,1934,0,Saudi Arabia,saudi_arabia.svg.png
1262,1938,0,Saudi Arabia,saudi_arabia.svg.png
1263,1950,0,Saudi Arabia,saudi_arabia.svg.png
1264,1954,0,Saudi Arabia,saudi_arabia.svg.png
1265,1958,0,Saudi Arabia,saudi_arabia.svg.png
1266,1962,0,Saudi Arabia,saudi_arabia.svg.png
1267,1966,0,Saudi Arabia,saudi_arabia.svg.png
1268,1970,0,Saudi Arabia,saudi_arabia.svg.png
1269,1974,0,Saudi Arabia,saudi_arabia.svg.png
1270,1978,0,Saudi Arabia,saudi_arabia.svg.png
1271,1982,0,Saudi Arabia,saudi_arabia.svg.png
1272,1986,0,Saudi Arabia,saudi_arabia.svg.png
1273,1990,0,Saudi Arabia,saudi_arabia.svg.png
1274,1994,5,Saudi Arabia,saudi_arabia.svg.png
1275,1998,7,Saudi Arabia,saudi_arabia.svg.png
1276,2002,7,Saudi Arabia,saudi_arabia.svg.png
1277,2006,9,Saudi Arabia,saudi_arabia.svg.png
1278,2010,9,Saudi Arabia,saudi_arabia.svg.png
1279,2014,9,Saudi Arabia,saudi_arabia.svg.png
1280,2018,11,Saudi Arabia,saudi_arabia.svg.png
1281,1930,0,Scotland,scotland.svg.png
1282,1934,0,Scotland,scotland.svg.png
1283,1938,0,Scotland,scotland.svg.png
1284,1950,0,Scotland,scotland.svg.png
1285,1954,0,Scotland,scotland.svg.png
1286,1958,4,Scotland,scotland.svg.png
1287,1962,4,Scotland,scotland.svg.png
1288,1966,4,Scotland,scotland.svg.png
1289,1970,4,Scotland,scotland.svg.png
1290,1974,7,Scotland,scotland.svg.png
1291,1978,12,Scotland,scotland.svg.png
1292,1982,20,Scotland,scotland.svg.png
1293,1986,21,Scotland,scotland.svg.png
1294,1990,23,Scotland,scotland.svg.png
1295,1994,23,Scotland,scotland.svg.png
1296,1998,25,Scotland,scotland.svg.png
1297,2002,25,Scotland,scotland.svg.png
1298,2006,25,Scotland,scotland.svg.png
1299,2010,25,Scotland,scotland.svg.png
1300,2014,25,Scotland,scotland.svg.png
1301,2018,25,Scotland,scotland.svg.png
1302,1930,0,Senegal,senegal.svg.png
1303,1934,0,Senegal,senegal.svg.png
1304,1938,0,Senegal,senegal.svg.png
1305,1950,0,Senegal,senegal.svg.png
1306,1954,0,Senegal,senegal.svg.png
1307,1958,0,Senegal,senegal.svg.png
1308,1962,0,Senegal,senegal.svg.png
1309,1966,0,Senegal,senegal.svg.png
1310,1970,0,Senegal,senegal.svg.png
1311,1974,0,Senegal,senegal.svg.png
1312,1978,0,Senegal,senegal.svg.png
1313,1982,0,Senegal,senegal.svg.png
1314,1986,0,Senegal,senegal.svg.png
1315,1990,0,Senegal,senegal.svg.png
1316,1994,0,Senegal,senegal.svg.png
1317,1998,0,Senegal,senegal.svg.png
1318,2002,7,Senegal,senegal.svg.png
1319,2006,7,Senegal,senegal.svg.png
1320,2010,7,Senegal,senegal.svg.png
1321,2014,7,Senegal,senegal.svg.png
1322,2018,11,Senegal,senegal.svg.png
1323,1930,0,Serbia,serbia.svg.png
1324,1934,0,Serbia,serbia.svg.png
1325,1938,0,Serbia,serbia.svg.png
1326,1950,0,Serbia,serbia.svg.png
1327,1954,0,Serbia,serbia.svg.png
1328,1958,0,Serbia,serbia.svg.png
1329,1962,0,Serbia,serbia.svg.png
1330,1966,0,Serbia,serbia.svg.png
1331,1970,0,Serbia,serbia.svg.png
1332,1974,0,Serbia,serbia.svg.png
1333,1978,0,Serbia,serbia.svg.png
1334,1982,0,Serbia,serbia.svg.png
1335,1986,0,Serbia,serbia.svg.png
1336,1990,0,Serbia,serbia.svg.png
1337,1994,0,Serbia,serbia.svg.png
1338,1998,0,Serbia,serbia.svg.png
1339,2002,0,Serbia,serbia.svg.png
1340,2006,2,Serbia,serbia.svg.png
1341,2010,4,Serbia,serbia.svg.png
1342,2014,4,Serbia,serbia.svg.png
1343,2018,6,Serbia,serbia.svg.png
1344,1930,0,Slovakia,slovakia.svg.png
1345,1934,0,Slovakia,slovakia.svg.png
1346,1938,0,Slovakia,slovakia.svg.png
1347,1950,0,Slovakia,slovakia.svg.png
1348,1954,0,Slovakia,slovakia.svg.png
1349,1958,0,Slovakia,slovakia.svg.png
1350,1962,0,Slovakia,slovakia.svg.png
1351,1966,0,Slovakia,slovakia.svg.png
1352,1970,0,Slovakia,slovakia.svg.png
1353,1974,0,Slovakia,slovakia.svg.png
1354,1978,0,Slovakia,slovakia.svg.png
1355,1982,0,Slovakia,slovakia.svg.png
1356,1986,0,Slovakia,slovakia.svg.png
1357,1990,0,Slovakia,slovakia.svg.png
1358,1994,0,Slovakia,slovakia.svg.png
1359,1998,0,Slovakia,slovakia.svg.png
1360,2002,0,Slovakia,slovakia.svg.png
1361,2006,0,Slovakia,slovakia.svg.png
1362,2010,5,Slovakia,slovakia.svg.png
1363,2014,5,Slovakia,slovakia.svg.png
1364,2018,5,Slovakia,slovakia.svg.png
1365,1930,0,Slovenia,slovenia.svg.png
1366,1934,0,Slovenia,slovenia.svg.png
1367,1938,0,Slovenia,slovenia.svg.png
1368,1950,0,Slovenia,slovenia.svg.png
1369,1954,0,Slovenia,slovenia.svg.png
1370,1958,0,Slovenia,slovenia.svg.png
1371,1962,0,Slovenia,slovenia.svg.png
1372,1966,0,Slovenia,slovenia.svg.png
1373,1970,0,Slovenia,slovenia.svg.png
1374,1974,0,Slovenia,slovenia.svg.png
1375,1978,0,Slovenia,slovenia.svg.png
1376,1982,0,Slovenia,slovenia.svg.png
1377,1986,0,Slovenia,slovenia.svg.png
1378,1990,0,Slovenia,slovenia.svg.png
1379,1994,0,Slovenia,slovenia.svg.png
1380,1998,0,Slovenia,slovenia.svg.png
1381,2002,2,Slovenia,slovenia.svg.png
1382,2006,2,Slovenia,slovenia.svg.png
1383,2010,5,Slovenia,slovenia.svg.png
1384,2014,5,Slovenia,slovenia.svg.png
1385,2018,5,Slovenia,slovenia.svg.png
1386,1930,0,South Africa,south_africa.svg.png
1387,1934,0,South Africa,south_africa.svg.png
1388,1938,0,South Africa,south_africa.svg.png
1389,1950,0,South Africa,south_africa.svg.png
1390,1954,0,South Africa,south_africa.svg.png
1391,1958,0,South Africa,south_africa.svg.png
1392,1962,0,South Africa,south_africa.svg.png
1393,1966,0,South Africa,south_africa.svg.png
1394,1970,0,South Africa,south_africa.svg.png
1395,1974,0,South Africa,south_africa.svg.png
1396,1978,0,South Africa,south_africa.svg.png
1397,1982,0,South Africa,south_africa.svg.png
1398,1986,0,South Africa,south_africa.svg.png
1399,1990,0,South Africa,south_africa.svg.png
1400,1994,0,South Africa,south_africa.svg.png
1401,1998,3,South Africa,south_africa.svg.png
1402,2002,8,South Africa,south_africa.svg.png
1403,2006,8,South Africa,south_africa.svg.png
1404,2010,11,South Africa,south_africa.svg.png
1405,2014,11,South Africa,south_africa.svg.png
1406,2018,11,South Africa,south_africa.svg.png
1407,1930,0,South Korea,south_korea.svg.png
1408,1934,0,South Korea,south_korea.svg.png
1409,1938,0,South Korea,south_korea.svg.png
1410,1950,0,South Korea,south_korea.svg.png
1411,1954,0,South Korea,south_korea.svg.png
1412,1958,0,South Korea,south_korea.svg.png
1413,1962,0,South Korea,south_korea.svg.png
1414,1966,0,South Korea,south_korea.svg.png
1415,1970,0,South Korea,south_korea.svg.png
1416,1974,0,South Korea,south_korea.svg.png
1417,1978,0,South Korea,south_korea.svg.png
1418,1982,0,South Korea,south_korea.svg.png
1419,1986,4,South Korea,south_korea.svg.png
1420,1990,5,South Korea,south_korea.svg.png
1421,1994,9,South Korea,south_korea.svg.png
1422,1998,11,South Korea,south_korea.svg.png
1423,2002,19,South Korea,south_korea.svg.png
1424,2006,22,South Korea,south_korea.svg.png
1425,2010,28,South Korea,south_korea.svg.png
1426,2014,31,South Korea,south_korea.svg.png
1427,2018,34,South Korea,south_korea.svg.png
1428,1930,0,Soviet Union,soviet_union.svg.png
1429,1934,0,Soviet Union,soviet_union.svg.png
1430,1938,0,Soviet Union,soviet_union.svg.png
1431,1950,0,Soviet Union,soviet_union.svg.png
1432,1954,0,Soviet Union,soviet_union.svg.png
1433,1958,5,Soviet Union,soviet_union.svg.png
1434,1962,14,Soviet Union,soviet_union.svg.png
1435,1966,24,Soviet Union,soviet_union.svg.png
1436,1970,30,Soviet Union,soviet_union.svg.png
1437,1974,30,Soviet Union,soviet_union.svg.png
1438,1978,30,Soviet Union,soviet_union.svg.png
1439,1982,37,Soviet Union,soviet_union.svg.png
1440,1986,49,Soviet Union,soviet_union.svg.png
1441,1990,53,Soviet Union,soviet_union.svg.png
1442,1994,53,Soviet Union,soviet_union.svg.png
1443,1998,53,Soviet Union,soviet_union.svg.png
1444,2002,53,Soviet Union,soviet_union.svg.png
1445,2006,53,Soviet Union,soviet_union.svg.png
1446,2010,53,Soviet Union,soviet_union.svg.png
1447,2014,53,Soviet Union,soviet_union.svg.png
1448,2018,53,Soviet Union,soviet_union.svg.png
1449,1930,0,Spain,spain.svg.png
1450,1934,4,Spain,spain.svg.png
1451,1938,4,Spain,spain.svg.png
1452,1950,14,Spain,spain.svg.png
1453,1954,14,Spain,spain.svg.png
1454,1958,14,Spain,spain.svg.png
1455,1962,16,Spain,spain.svg.png
1456,1966,20,Spain,spain.svg.png
1457,1970,20,Spain,spain.svg.png
1458,1974,20,Spain,spain.svg.png
1459,1978,22,Spain,spain.svg.png
1460,1982,26,Spain,spain.svg.png
1461,1986,37,Spain,spain.svg.png
1462,1990,43,Spain,spain.svg.png
1463,1994,53,Spain,spain.svg.png
1464,1998,61,Spain,spain.svg.png
1465,2002,71,Spain,spain.svg.png
1466,2006,80,Spain,spain.svg.png
1467,2010,88,Spain,spain.svg.png
1468,2014,92,Spain,spain.svg.png
1469,2018,99,Spain,spain.svg.png
1470,1930,0,Sweden,sweden.svg.png
1471,1934,4,Sweden,sweden.svg.png
1472,1938,15,Sweden,sweden.svg.png
1473,1950,26,Sweden,sweden.svg.png
1474,1954,26,Sweden,sweden.svg.png
1475,1958,38,Sweden,sweden.svg.png
1476,1962,38,Sweden,sweden.svg.png
1477,1966,38,Sweden,sweden.svg.png
1478,1970,40,Sweden,sweden.svg.png
1479,1974,47,Sweden,sweden.svg.png
1480,1978,48,Sweden,sweden.svg.png
1481,1982,48,Sweden,sweden.svg.png
1482,1986,48,Sweden,sweden.svg.png
1483,1990,51,Sweden,sweden.svg.png
1484,1994,66,Sweden,sweden.svg.png
1485,1998,66,Sweden,sweden.svg.png
1486,2002,71,Sweden,sweden.svg.png
1487,2006,74,Sweden,sweden.svg.png
1488,2010,74,Sweden,sweden.svg.png
1489,2014,74,Sweden,sweden.svg.png
1490,2018,80,Sweden,sweden.svg.png
1491,1930,0,Switzerland,switzerland.svg.png
1492,1934,5,Switzerland,switzerland.svg.png
1493,1938,10,Switzerland,switzerland.svg.png
1494,1950,14,Switzerland,switzerland.svg.png
1495,1954,25,Switzerland,switzerland.svg.png
1496,1958,25,Switzerland,switzerland.svg.png
1497,1962,27,Switzerland,switzerland.svg.png
1498,1966,28,Switzerland,switzerland.svg.png
1499,1970,28,Switzerland,switzerland.svg.png
1500,1974,28,Switzerland,switzerland.svg.png
1501,1978,28,Switzerland,switzerland.svg.png
1502,1982,28,Switzerland,switzerland.svg.png
1503,1986,28,Switzerland,switzerland.svg.png
1504,1990,28,Switzerland,switzerland.svg.png
1505,1994,33,Switzerland,switzerland.svg.png
1506,1998,33,Switzerland,switzerland.svg.png
1507,2002,33,Switzerland,switzerland.svg.png
1508,2006,37,Switzerland,switzerland.svg.png
1509,2010,38,Switzerland,switzerland.svg.png
1510,2014,45,Switzerland,switzerland.svg.png
1511,2018,50,Switzerland,switzerland.svg.png
1512,1930,0,Togo,togo.svg.png
1513,1934,0,Togo,togo.svg.png
1514,1938,0,Togo,togo.svg.png
1515,1950,0,Togo,togo.svg.png
1516,1954,0,Togo,togo.svg.png
1517,1958,0,Togo,togo.svg.png
1518,1962,0,Togo,togo.svg.png
1519,1966,0,Togo,togo.svg.png
1520,1970,0,Togo,togo.svg.png
1521,1974,0,Togo,togo.svg.png
1522,1978,0,Togo,togo.svg.png
1523,1982,0,Togo,togo.svg.png
1524,1986,0,Togo,togo.svg.png
1525,1990,0,Togo,togo.svg.png
1526,1994,0,Togo,togo.svg.png
1527,1998,0,Togo,togo.svg.png
1528,2002,0,Togo,togo.svg.png
1529,2006,1,Togo,togo.svg.png
1530,2010,1,Togo,togo.svg.png
1531,2014,1,Togo,togo.svg.png
1532,2018,1,Togo,togo.svg.png
1533,1930,0,Trinidad and Tobago,trinidad_and_tobago.svg.png
1534,1934,0,Trinidad and Tobago,trinidad_and_tobago.svg.png
1535,1938,0,Trinidad and Tobago,trinidad_and_tobago.svg.png
1536,1950,0,Trinidad and Tobago,trinidad_and_tobago.svg.png
1537,1954,0,Trinidad and Tobago,trinidad_and_tobago.svg.png
1538,1958,0,Trinidad and Tobago,trinidad_and_tobago.svg.png
1539,1962,0,Trinidad and Tobago,trinidad_and_tobago.svg.png
1540,1966,0,Trinidad and Tobago,trinidad_and_tobago.svg.png
1541,1970,0,Trinidad and Tobago,trinidad_and_tobago.svg.png
1542,1974,0,Trinidad and Tobago,trinidad_and_tobago.svg.png
1543,1978,0,Trinidad and Tobago,trinidad_and_tobago.svg.png
1544,1982,0,Trinidad and Tobago,trinidad_and_tobago.svg.png
1545,1986,0,Trinidad and Tobago,trinidad_and_tobago.svg.png
1546,1990,0,Trinidad and Tobago,trinidad_and_tobago.svg.png
1547,1994,0,Trinidad and Tobago,trinidad_and_tobago.svg.png
1548,1998,0,Trinidad and Tobago,trinidad_and_tobago.svg.png
1549,2002,0,Trinidad and Tobago,trinidad_and_tobago.svg.png
1550,2006,0,Trinidad and Tobago,trinidad_and_tobago.svg.png
1551,2010,0,Trinidad and Tobago,trinidad_and_tobago.svg.png
1552,2014,0,Trinidad and Tobago,trinidad_and_tobago.svg.png
1553,2018,0,Trinidad and Tobago,trinidad_and_tobago.svg.png
1554,1930,0,Tunisia,tunisia.svg.png
1555,1934,0,Tunisia,tunisia.svg.png
1556,1938,0,Tunisia,tunisia.svg.png
1557,1950,0,Tunisia,tunisia.svg.png
1558,1954,0,Tunisia,tunisia.svg.png
1559,1958,0,Tunisia,tunisia.svg.png
1560,1962,0,Tunisia,tunisia.svg.png
1561,1966,0,Tunisia,tunisia.svg.png
1562,1970,0,Tunisia,tunisia.svg.png
1563,1974,0,Tunisia,tunisia.svg.png
1564,1978,3,Tunisia,tunisia.svg.png
1565,1982,3,Tunisia,tunisia.svg.png
1566,1986,3,Tunisia,tunisia.svg.png
1567,1990,3,Tunisia,tunisia.svg.png
1568,1994,3,Tunisia,tunisia.svg.png
1569,1998,4,Tunisia,tunisia.svg.png
1570,2002,5,Tunisia,tunisia.svg.png
1571,2006,8,Tunisia,tunisia.svg.png
1572,2010,8,Tunisia,tunisia.svg.png
1573,2014,8,Tunisia,tunisia.svg.png
1574,2018,13,Tunisia,tunisia.svg.png
1575,1930,0,Turkey,turkey.svg.png
1576,1934,0,Turkey,turkey.svg.png
1577,1938,0,Turkey,turkey.svg.png
1578,1950,0,Turkey,turkey.svg.png
1579,1954,10,Turkey,turkey.svg.png
1580,1958,10,Turkey,turkey.svg.png
1581,1962,10,Turkey,turkey.svg.png
1582,1966,10,Turkey,turkey.svg.png
1583,1970,10,Turkey,turkey.svg.png
1584,1974,10,Turkey,turkey.svg.png
1585,1978,10,Turkey,turkey.svg.png
1586,1982,10,Turkey,turkey.svg.png
1587,1986,10,Turkey,turkey.svg.png
1588,1990,10,Turkey,turkey.svg.png
1589,1994,10,Turkey,turkey.svg.png
1590,1998,10,Turkey,turkey.svg.png
1591,2002,20,Turkey,turkey.svg.png
1592,2006,20,Turkey,turkey.svg.png
1593,2010,20,Turkey,turkey.svg.png
1594,2014,20,Turkey,turkey.svg.png
1595,2018,20,Turkey,turkey.svg.png
1596,1930,0,Ukraine,ukraine.svg.png
1597,1934,0,Ukraine,ukraine.svg.png
1598,1938,0,Ukraine,ukraine.svg.png
1599,1950,0,Ukraine,ukraine.svg.png
1600,1954,0,Ukraine,ukraine.svg.png
1601,1958,0,Ukraine,ukraine.svg.png
1602,1962,0,Ukraine,ukraine.svg.png
1603,1966,0,Ukraine,ukraine.svg.png
1604,1970,0,Ukraine,ukraine.svg.png
1605,1974,0,Ukraine,ukraine.svg.png
1606,1978,0,Ukraine,ukraine.svg.png
1607,1982,0,Ukraine,ukraine.svg.png
1608,1986,0,Ukraine,ukraine.svg.png
1609,1990,0,Ukraine,ukraine.svg.png
1610,1994,0,Ukraine,ukraine.svg.png
1611,1998,0,Ukraine,ukraine.svg.png
1612,2002,0,Ukraine,ukraine.svg.png
1613,2006,5,Ukraine,ukraine.svg.png
1614,2010,5,Ukraine,ukraine.svg.png
1615,2014,5,Ukraine,ukraine.svg.png
1616,2018,5,Ukraine,ukraine.svg.png
1617,1930,0,United Arab Emirates,united_arab_emirates.svg.png
1618,1934,0,United Arab Emirates,united_arab_emirates.svg.png
1619,1938,0,United Arab Emirates,united_arab_emirates.svg.png
1620,1950,0,United Arab Emirates,united_arab_emirates.svg.png
1621,1954,0,United Arab Emirates,united_arab_emirates.svg.png
1622,1958,0,United Arab Emirates,united_arab_emirates.svg.png
1623,1962,0,United Arab Emirates,united_arab_emirates.svg.png
1624,1966,0,United Arab Emirates,united_arab_emirates.svg.png
1625,1970,0,United Arab Emirates,united_arab_emirates.svg.png
1626,1974,0,United Arab Emirates,united_arab_emirates.svg.png
1627,1978,0,United Arab Emirates,united_arab_emirates.svg.png
1628,1982,0,United Arab Emirates,united_arab_emirates.svg.png
1629,1986,0,United Arab Emirates,united_arab_emirates.svg.png
1630,1990,2,United Arab Emirates,united_arab_emirates.svg.png
1631,1994,2,United Arab Emirates,united_arab_emirates.svg.png
1632,1998,2,United Arab Emirates,united_arab_emirates.svg.png
1633,2002,2,United Arab Emirates,united_arab_emirates.svg.png
1634,2006,2,United Arab Emirates,united_arab_emirates.svg.png
1635,2010,2,United Arab Emirates,united_arab_emirates.svg.png
1636,2014,2,United Arab Emirates,united_arab_emirates.svg.png
1637,2018,2,United Arab Emirates,united_arab_emirates.svg.png
1638,1930,7,United States,united_states.svg.png
1639,1934,8,United States,united_states.svg.png
1640,1938,8,United States,united_states.svg.png
1641,1950,12,United States,united_states.svg.png
1642,1954,12,United States,united_states.svg.png
1643,1958,12,United States,united_states.svg.png
1644,1962,12,United States,united_states.svg.png
1645,1966,12,United States,united_states.svg.png
1646,1970,12,United States,united_states.svg.png
1647,1974,12,United States,united_states.svg.png
1648,1978,12,United States,united_states.svg.png
1649,1982,12,United States,united_states.svg.png
1650,1986,12,United States,united_states.svg.png
1651,1990,14,United States,united_states.svg.png
1652,1994,17,United States,united_states.svg.png
1653,1998,18,United States,united_states.svg.png
1654,2002,25,United States,united_states.svg.png
1655,2006,27,United States,united_states.svg.png
1656,2010,32,United States,united_states.svg.png
1657,2014,37,United States,united_states.svg.png
1658,2018,37,United States,united_states.svg.png
1659,1930,15,Uruguay,uruguay.svg.png
1660,1934,15,Uruguay,uruguay.svg.png
1661,1938,15,Uruguay,uruguay.svg.png
1662,1950,30,Uruguay,uruguay.svg.png
1663,1954,46,Uruguay,uruguay.svg.png
1664,1958,46,Uruguay,uruguay.svg.png
1665,1962,50,Uruguay,uruguay.svg.png
1666,1966,52,Uruguay,uruguay.svg.png
1667,1970,56,Uruguay,uruguay.svg.png
1668,1974,57,Uruguay,uruguay.svg.png
1669,1978,57,Uruguay,uruguay.svg.png
1670,1982,57,Uruguay,uruguay.svg.png
1671,1986,59,Uruguay,uruguay.svg.png
1672,1990,61,Uruguay,uruguay.svg.png
1673,1994,61,Uruguay,uruguay.svg.png
1674,1998,61,Uruguay,uruguay.svg.png
1675,2002,65,Uruguay,uruguay.svg.png
1676,2006,65,Uruguay,uruguay.svg.png
1677,2010,76,Uruguay,uruguay.svg.png
1678,2014,80,Uruguay,uruguay.svg.png
1679,2018,87,Uruguay,uruguay.svg.png
1680,1930,0,Wales,wales.svg.png
1681,1934,0,Wales,wales.svg.png
1682,1938,0,Wales,wales.svg.png
1683,1950,0,Wales,wales.svg.png
1684,1954,0,Wales,wales.svg.png
1685,1958,4,Wales,wales.svg.png
1686,1962,4,Wales,wales.svg.png
1687,1966,4,Wales,wales.svg.png
1688,1970,4,Wales,wales.svg.png
1689,1974,4,Wales,wales.svg.png
1690,1978,4,Wales,wales.svg.png
1691,1982,4,Wales,wales.svg.png
1692,1986,4,Wales,wales.svg.png
1693,1990,4,Wales,wales.svg.png
1694,1994,4,Wales,wales.svg.png
1695,1998,4,Wales,wales.svg.png
1696,2002,4,Wales,wales.svg.png
1697,2006,4,Wales,wales.svg.png
1698,2010,4,Wales,wales.svg.png
1699,2014,4,Wales,wales.svg.png
1700,2018,4,Wales,wales.svg.png
1701,1930,7,Yugoslavia,yugoslavia.svg.png
1702,1934,7,Yugoslavia,yugoslavia.svg.png
1703,1938,7,Yugoslavia,yugoslavia.svg.png
1704,1950,14,Yugoslavia,yugoslavia.svg.png
1705,1954,16,Yugoslavia,yugoslavia.svg.png
1706,1958,23,Yugoslavia,yugoslavia.svg.png
1707,1962,33,Yugoslavia,yugoslavia.svg.png
1708,1966,33,Yugoslavia,yugoslavia.svg.png
1709,1970,33,Yugoslavia,yugoslavia.svg.png
1710,1974,45,Yugoslavia,yugoslavia.svg.png
1711,1978,45,Yugoslavia,yugoslavia.svg.png
1712,1982,47,Yugoslavia,yugoslavia.svg.png
1713,1986,47,Yugoslavia,yugoslavia.svg.png
1714,1990,55,Yugoslavia,yugoslavia.svg.png
1715,1994,55,Yugoslavia,yugoslavia.svg.png
1716,1998,60,Yugoslavia,yugoslavia.svg.png
1717,2002,60,Yugoslavia,yugoslavia.svg.png
1718,2006,60,Yugoslavia,yugoslavia.svg.png
1719,2010,60,Yugoslavia,yugoslavia.svg.png
1720,2014,60,Yugoslavia,yugoslavia.svg.png
1721,2018,60,Yugoslavia,yugoslavia.svg.png
